speaking-mouth-closed-smile	speaking	Change ONLY the mouth: the mouth is closed in a gentle friendly smile (no opening), exactly like a calm closed-mouth smile.
speaking-mouth-wide	speaking	Change ONLY the mouth: the mouth is open wider as if saying 'aah' mid-sentence, rounded dark opening with a visible pink tongue, same friendly expression.
help-mouth-small	help	Change ONLY the mouth: the mouth is slightly open as if saying a soft 'eh' sound mid-sentence, small dark opening with a hint of tongue, same calm expression.
help-mouth-wide	help	Change ONLY the mouth: the mouth is open wider as if saying 'aah' mid-sentence, rounded dark opening with a visible pink tongue, same calm expression.
speaking-blink	speaking	Change ONLY the eyes: both eyes gently closed mid-blink, drawn as soft curved closed eyelids in the same fur colour with a thin dark lash line.
listening-blink	listening	Change ONLY the eyes: both eyes gently closed mid-blink, drawn as soft curved closed eyelids in the same fur colour with a thin dark lash line.
help-blink	help	Change ONLY the eyes: both eyes gently closed mid-blink, drawn as soft curved closed eyelids in the same fur colour with a thin dark lash line.
reminder-blink	reminder	Change ONLY the eyes: both eyes gently closed mid-blink, drawn as soft curved closed eyelids in the same fur colour with a thin dark lash line.
calling-blink	calling	Change ONLY the eyes: both eyes gently closed mid-blink, drawn as soft curved closed eyelids in the same fur colour with a thin dark lash line.
thinking-blink	thinking	Change ONLY the eyes: both eyes gently closed mid-blink, drawn as soft curved closed eyelids in the same fur colour with a thin dark lash line.
